"femurlength","headwidth","prothoraxlength","prothoraxwidth","ovipositorlength"
1,0.90490787594578,0.95349868581766,0.928490191111227,0.887864770736398
0.90490787594578,1,0.911583682426054,0.894355326631775,1.01158967187143
0.95349868581766,0.911583682426054,1,0.90616687331409,0.817268550688672
0.928490191111227,0.894355326631775,0.90616687331409,1,0.940011750220317
0.887864770736398,1.01158967187143,0.817268550688672,0.940011750220317,1
