"femurlength","headwidth","prothoraxlength","prothoraxwidth","ovipositorlength"
1,0.960468635614927,0.641372509273803,0.295803989154981,0.760002932115734
0.960468635614927,1,0.846226262020001,0.554361861215877,0.87783007331217
0.641372509273803,0.846226262020001,1,0.760128299075821,0.758714659859279
0.295803989154981,0.554361861215877,0.760128299075821,1,0.414831480462429
0.760002932115734,0.87783007331217,0.75871465985928,0.414831480462429,1
