"femurlength","headwidth","prothoraxlength","prothoraxwidth","ovipositorlength"
1,0.759113116282117,0.722393323847689,0.760433674902032,0.498106114594971
0.759113116282117,1,0.737342999421016,0.858536993949886,0.628828145522532
0.722393323847689,0.737342999421016,1,0.668777044425966,0.523560953597252
0.760433674902032,0.858536993949886,0.668777044425966,1,0.439036586905544
0.498106114594971,0.628828145522532,0.523560953597252,0.439036586905544,1
