"femurlength","headwidth","prothoraxlength","prothoraxwidth","ovipositorlength"
1,0.701811193316476,0.791256568074944,0.708029076544236,0.744387368318777
0.701811193316476,1,0.705882582111816,0.838630326905903,0.716377331396253
0.791256568074944,0.705882582111816,1,0.673715682637227,0.681032862245232
0.708029076544236,0.838630326905903,0.673715682637227,1,0.553400296031034
0.744387368318777,0.716377331396253,0.681032862245232,0.553400296031034,1
