"femurlength","headwidth","prothoraxlength","prothoraxwidth","ovipositorlength"
1,0.41281677584334,0.705953518562214,0.776205864234492,0.223673337491892
0.41281677584334,1,1.39655596034264,1.4245396525989,0.274888694408836
0.705953518562214,1.39655596034264,1,0.86664267072224,0.438250490089278
0.776205864234492,1.4245396525989,0.86664267072224,1,0.405539610715692
0.223673337491892,0.274888694408836,0.438250490089278,0.405539610715692,1
