"femurlength","headwidth","prothoraxlength","prothoraxwidth","ovipositorlength"
1,0.889863041674973,0.875540409466762,0.921214772139911,0.577967987516624
0.889863041674973,1,0.882522608121828,0.927795545709745,0.56302912954863
0.875540409466762,0.882522608121828,1,0.894499662177277,0.462061451464366
0.921214772139911,0.927795545709745,0.894499662177278,1,0.563417549677569
0.577967987516624,0.56302912954863,0.462061451464366,0.563417549677569,1
