"femurlength","headwidth","prothoraxlength","prothoraxwidth","ovipositorlength"
1,0.733358797622569,0.467165729979027,0.728145643694565,0.453152947229617
0.733358797622569,1,0.652189249110382,0.712845108104242,0.45117557952465
0.467165729979027,0.652189249110383,1,0.695048046856916,0.459229271644352
0.728145643694565,0.712845108104242,0.695048046856916,1,0.503402563972554
0.453152947229617,0.45117557952465,0.459229271644352,0.503402563972554,1
