"femurlength","headwidth","prothoraxlength","prothoraxwidth","ovipositorlength"
1,0.881016348139204,0.951699169593832,0.923328946775192,0.800845087189602
0.881016348139204,1,0.928845465981591,0.922889474232495,0.77905319894736
0.951699169593832,0.928845465981591,1,0.934202931102083,0.776390939435186
0.923328946775192,0.922889474232495,0.934202931102083,1,0.699830408873173
0.800845087189603,0.77905319894736,0.776390939435186,0.699830408873173,1
