"femurlength","headwidth","prothoraxlength","prothoraxwidth","ovipositorlength"
1,0.812340224799236,0.827991857107228,0.778412585067058,0.560070013127735
0.812340224799236,1,0.794884963540736,0.907304664589555,0.598223175530617
0.827991857107228,0.794884963540736,1,0.85947008518708,0.560451451143497
0.778412585067058,0.907304664589555,0.85947008518708,1,0.506745667447764
0.560070013127735,0.598223175530617,0.560451451143497,0.506745667447764,1
