"femurlength","headwidth","prothoraxlength","prothoraxwidth","ovipositorlength"
1,0.764719112901873,0.595280757620917,0.654702334798043,0.353553390593274
0.764719112901873,1,0.751659176911845,0.905231707600018,0.243332131696144
0.595280757620917,0.751659176911845,1,0.7962260575936,0.160353165875663
0.654702334798043,0.905231707600018,0.7962260575936,1,0.224005384158562
0.353553390593274,0.243332131696144,0.160353165875663,0.224005384158562,1
