"tailarea","blackarea","fuzzyarea","iridescentare","orangearea","orangechroma","orangebrightness"
1,0.0868092126010998,0.488816476996484,1.1911913735433,-0.570849389223308,0.533649195566135,-0.757198453849497
0.0868092126010998,1,-1.1090163137957,0.187170626142525,-0.691947929407107,0.0469938251233494,-2.39655248560607
0.488816476996484,-1.1090163137957,1,-0.416102735884483,-0.299110618884746,0.0384900179459751,0.890953674223527
1.1911913735433,0.187170626142525,-0.416102735884483,1,-0.910183855080652,-1.2896935110785,-0.859748106185766
-0.570849389223308,-0.691947929407107,-0.299110618884746,-0.910183855080652,1,0.581698008692493,1.17029307906033
0.533649195566135,0.0469938251233494,0.0384900179459751,-1.2896935110785,0.581698008692493,1,-1.54317703094532
-0.757198453849497,-2.39655248560607,0.890953674223527,-0.859748106185766,1.17029307906033,-1.54317703094532,1
