"corolladiameter","corollatubelength","corollatubewidth","relativewarp1","relativewarp2","relativewarp3","relativewarp4"
1,0.541999999346248,0.236999999155689,-0.00800000005011536,0.00999999941816815,-0.123000005571695,0.0149999998964858
0.541999999346248,1,0.485999999896954,0.00500000013357906,0.0669999991401649,-0.0479999910254402,0.0570000011369818
0.236999999155689,0.485999999896954,1,0.0520000000204528,-0.0180000067699081,-0.0530000251154095,0.0719999990210844
-0.00800000005011535,0.00500000013357906,0.0520000000204528,1,-0.0119999950100965,-0.0989999923408205,-0.0469999987902489
0.00999999941816815,0.0669999991401649,-0.0180000067699081,-0.0119999950100965,1,-0.00199999473736159,-0.0470000057637965
-0.123000005571695,-0.0479999910254402,-0.0530000251154095,-0.0989999923408205,-0.00199999473736159,1,-0.0140000169930772
0.0149999998964858,0.0570000011369818,0.0719999990210844,-0.0469999987902489,-0.0470000057637965,-0.0140000169930772,1
