"numberofstalks","diameterofstalks","numberofflowers"
1,0.109000003476581,0.70300000038727
0.109000003476581,1,0.311000013795558
0.70300000038727,0.311000013795558,1
