"dryemergenceweight","developmenttime"
1,-0.39370069596658
-0.39370069596658,1
