"dryemergenceweight","developmenttime"
1,0.555599164007092
0.555599164007092,1
