"dryemergenceweight","developmenttime"
1,0.334589577661345
0.334589577661345,1
