"dryemergenceweight","developmenttime"
1,-0.052206089439549
-0.052206089439549,1
