"corollalength","corollawidth","pistillength"
1,-0.274101222343421,0.0822303667030264
-0.274101222343422,1,-0.954545454545455
0.0822303667030264,-0.954545454545455,1
