"larvalsnoutventlength","larvaltaillength","larvalleglength","juvenilesnoutventlength","jevenileleglength"
1,0.499999999851,0.500000000011912,0.50000000000144,0.500000000004816
0.499999999851,1,0.499999999956964,0.500000000127036,0.49999999997497
0.500000000011912,0.499999999956964,1,0.499999999968199,0.499999999985053
0.50000000000144,0.500000000127036,0.499999999968199,1,0.500000000088807
0.500000000004816,0.49999999997497,0.499999999985053,0.500000000088807,1
