"femurlength","ovipositorlength"
1,0.98746202801495
0.98746202801495,1
