"femurlength","ovipositorlength"
1,0.471850715420776
0.471850715420776,1
