"femurlength","ovipositorlength"
1,0.536210189684388
0.536210189684388,1
