"leaflength","leafdissection","internodelength"
1,0.567170648868783,-0.0258545811366476
0.567170648868783,1,0.245605189183337
-0.0517091622732952,0.491210378366675,1
