"leaflength","leafdissection","internodelength"
1,0.516413748008002,-0.173105112612997
0.516413748008002,1,-0.333041683453
-0.346210225225994,-0.666083366906,1
