"leaflength","leafdissection","internodelength"
1,0.626761798907131,0.11554966904813
0.626761798907131,1,0.6856934998734
0.231099338096261,1.3713869997468,1
