"leaflength","leafdissection","internodelength"
1,0.392161255919394,0.268536368748344
0.392161255919394,1,-0.218691516586915
0.537072737496687,-0.43738303317383,1
